,rouge1,rouge2,rougeL,rougeLsum
raw,0.19832329032312698,0.06842867596506519,0.1545356010333101,0.15523366894031781
coref,0.19381529888957186,0.06427626028722958,0.15167108549924985,0.15222694379381566
textrank,0.1974845721414214,0.06355456487660743,0.152159143444664,0.1525760342665283
coref+tr,0.19392199210973893,0.061859665160784325,0.15284220007605848,0.15317441669877657
